variable,percent_missing
ethnicity,5.88602312496937
zipcode,0
gender,0.00868937496309326
birth_year,0
bmi,93.4579397285806
bp_systolic,0.0870086759155549
bp_diastolic,0
bp_map,0
