gender,mean,median,lower,upper
female,50.1792040274045,50.1670679791522,49.1421134038947,51.1485326935314
male,53.5834693135751,53.5838419357191,52.5113982519888,54.6900587058669
