mean,median,lower,upper
51.8543585269574,51.8662894975613,51.002177718258,52.676986458524
