urban,mean,median,lower,upper
urban,51.2992365593855,51.2976405449238,50.363498397175,52.2052889862485
rural,55.2890196593052,55.2965564816494,54.4874342380272,56.1053684501235
