gender,mean,median,lower,upper
female,47.7981842661748,47.8097069757716,46.882322148437,48.8424913110495
male,51.5467329890018,51.5943075846802,50.4948232903115,52.5214864613883
