urban,mean,median,lower,upper
urban,49.0667055072492,49.0860816496653,48.1336334848532,49.8506823244696
rural,53.2068785008383,53.2218709797878,52.5397307709736,53.8669905546214
