mean,median,lower,upper
49.6427521044528,49.6570198613429,48.829751909697,50.3566878904641
