gender,mean,median,lower,upper
female,50.2663709144896,50.2733880316389,49.2847109735019,51.4005645848612
male,54.0661356246147,54.0339468880508,52.97946926743,55.2084586743608
