mean,median,lower,upper
50.3796718663283,50.3797039860049,49.5769223378124,51.1867220014054
