urban,mean,median,lower,upper
urban,49.7804340947758,49.7870777290128,48.8959974794238,50.6509920560078
rural,54.0872871350743,54.1071130578979,53.2436492188872,54.8320628970781
