gender,mean,median,lower,upper
female,48.9605870954678,48.9619710357263,47.9050480304123,49.8945549926119
male,51.8444649854554,51.8241062258592,50.7857864608109,52.8951681258762
