urban,mean,median,lower,upper
urban,38.6050809638825,38.6266723395167,37.747591958588,39.4457705545048
rural,42.4366879351906,42.4166234990751,41.5980595213578,43.2832275580674
