urban,mean,median,lower,upper
urban,65.1039892588443,65.1061122066189,64.3515865059618,65.7822856232633
rural,68.9264199978872,68.9452022709125,68.3627554844398,69.4799614276154
