mean,median,lower,upper
0.530482687196729,0.530415087101465,0.521371615959053,0.539243155499473
