urban,mean,median,lower,upper
urban,0.304126747063569,0.304251490273915,0.294011897327583,0.313875443041618
rural,0.30319504633805,0.302996057534479,0.293040896756454,0.314261234764312
