gender,mean,median,lower,upper
female,0.710338020825542,0.710149166011694,0.700807063239259,0.720140458865744
male,0.664897085304896,0.665028029677285,0.655045145034167,0.674924055490736
