gender,mean,median,lower,upper
female,50.178813982658,50.1668698265141,49.1417817852476,51.1478943424027
male,53.5841400509573,53.5842589103241,52.5123600890634,54.6906638211813
