urban,mean,median,lower,upper
urban,0.704574122881176,0.70453347386707,0.696998582761904,0.712288727502703
rural,0.722204770354172,0.722163825951059,0.715729039314688,0.72826667716621
