mean,median,lower,upper
0.545608743235174,0.545764445681767,0.537089474515705,0.553819801855565
