mean,median,lower,upper
38.8523166592915,38.8548662787223,38.1775812430288,39.5241291725412
