mean,median,lower,upper
0.687230633193314,0.687176398318401,0.679309766949043,0.694906100080013
