gender,mean,median,lower,upper
female,0.559899456440246,0.560358990746157,0.549690743962578,0.569625524043608
male,0.53103020888541,0.5309752293445,0.52105457603374,0.5422773032525
