mean,median,lower,upper
65.6358265090466,65.6279178602385,64.9255541027547,66.2491974024042
