mean,median,lower,upper
0.303985199792566,0.304018971009009,0.294784895541672,0.312856771946174
