urban,mean,median,lower,upper
urban,38.3067234036151,38.3081167057115,37.5802846892346,39.0505733460788
rural,42.228021565259,42.2424076809589,41.6573771436219,42.8140400189458
