mean,median,lower,upper
68.095050885038,68.1292373601002,67.270560836493,68.8056191994822
