mean,median,lower,upper
39.1381949572015,39.1626121816047,38.3755858840622,39.8878511326252
