urban,mean,median,lower,upper
urban,0.521524107885955,0.52140996547835,0.511797520576816,0.530265298499219
rural,0.547698400150751,0.547574914422864,0.539530257333326,0.556664308341634
