gender,mean,median,lower,upper
female,64.3591416407883,64.3732964709737,63.3438820050917,65.3835628246851
male,71.9512927861769,71.9650814625364,70.9552397593129,72.9182442706078
