urban,mean,median,lower,upper
urban,49.5430912288267,49.5466759210807,48.7648652950072,50.2827540250837
rural,53.6058413350234,53.6132366975548,52.9817354561359,54.2185495666191
