urban,mean,median,lower,upper
urban,0.307569236420419,0.307684930645624,0.298944979561421,0.317136511852092
rural,0.301010533162774,0.301115540033455,0.293857080892108,0.308023871980252
