gender,mean,median,lower,upper
female,38.6310995346338,38.6300559035473,37.8075173302964,39.4834698103456
male,39.0806591295128,39.0638782944388,38.2048290504195,39.9135697626913
