mean,median,lower,upper
0.306569907621284,0.30666304223336,0.299132547652374,0.315153898967768
