gender,mean,median,lower,upper
female,0.729686067106497,0.729357501502287,0.721026656059491,0.738667165584947
male,0.685647278926582,0.685663035587757,0.676089997639625,0.694317413627587
