gender,mean,median,lower,upper
female,0.550799494553881,0.550961748242207,0.539991215336924,0.561212403106413
male,0.501826765634043,0.501921735009185,0.490802550853237,0.512096837857887
