mean,median,lower,upper
0.538660061572513,0.538658161090385,0.531654874174256,0.546623827755569
