gender,mean,median,lower,upper
female,48.2796570892493,48.2747682248737,47.3482112964297,49.1307036245512
male,51.9959761793234,51.9748390679531,50.9868139124701,52.9281462109067
