gender,mean,median,lower,upper
female,0.546709195091336,0.546746718575195,0.533874440059416,0.558733177007004
male,0.513723202152319,0.513882622556821,0.500933609786764,0.526154133951758
