gender,mean,median,lower,upper
female,61.7775527343817,61.8068065513659,60.8275289830794,62.6266560323697
male,69.6183742700311,69.6073554251163,68.6671397439423,70.4751120191197
