urban,mean,median,lower,upper
urban,0.546166310153761,0.546260370325114,0.53678181169367,0.555328905615146
rural,0.542501422681233,0.542403308123943,0.5345893912422,0.55079808367361
