gender,mean,median,lower,upper
female,0.563841970295132,0.563809509999824,0.553665899566529,0.574008947492752
male,0.515596336181967,0.515688374878712,0.506135121828913,0.525377783351057
