urban,mean,median,lower,upper
urban,0.684686695594435,0.684619519289482,0.676124250224238,0.693467921204816
rural,0.701837437364622,0.701761564519161,0.69326917361205,0.710934956318147
