mean,median,lower,upper
0.525336088372347,0.525236329872639,0.516359859520033,0.533311595336001
