mean,median,lower,upper
51.8544904667821,51.8664287083026,51.002516945045,52.6771282113882
