gender,mean,median,lower,upper
female,39.1454191635913,39.1230510858368,38.2345667631179,40.0781846854041
male,39.1307380610187,39.1025551559439,38.1745981833948,40.1931851820349
