urban,mean,median,lower,upper
urban,0.534779798403811,0.5347685435237,0.526742318472864,0.543367794703662
rural,0.561337822258084,0.561307851530987,0.555272461385483,0.567838506096858
