urban,mean,median,lower,upper
urban,0.531379170468279,0.531370316281189,0.52136644804973,0.541268053386133
rural,0.525463881218297,0.52557593998359,0.51398318305571,0.536949220938386
