mean,median,lower,upper
50.1083655247528,50.1134750910496,49.4076788594844,50.772534106374
