urban,mean,median,lower,upper
urban,67.5795427734739,67.6186985281215,66.6709822532445,68.368943578376
rural,71.2846124185938,71.2908601039119,70.5408696932042,72.0462023469106
