gender,mean,median,lower,upper
female,0.335956881426179,0.336135037985207,0.325469256959094,0.345829255923382
male,0.277131105013773,0.276966360608105,0.26845791160805,0.286557685310395
