urban,mean,median,lower,upper
urban,51.2994558480091,51.2978767204475,50.3640006579067,52.2053372356179
rural,55.2886111529901,55.2963147327405,54.4871448166815,56.105127588232
