mean,median,lower,upper
0.707198203319046,0.707213769543554,0.700587015805046,0.714160533029259
