gender,mean,median,lower,upper
female,0.333942207309733,0.333749739786087,0.322004201571066,0.345945219174958
male,0.273625532613921,0.273719091847007,0.262088778567915,0.284522666356581
