gender,mean,median,lower,upper
female,0.564496099252607,0.564741666764002,0.553579004984094,0.574776615857473
male,0.53603236869129,0.535783256064401,0.525308378734814,0.547285844188325
