mean,median,lower,upper
38.8179423921496,38.8199349816578,38.1358944866201,39.4894315600206
