gender,mean,median,lower,upper
female,0.337488538484976,0.337638305638636,0.327539214326705,0.347002493108966
male,0.278473240474737,0.278273702639734,0.269398781325855,0.287985283408684
