gender,mean,median,lower,upper
female,61.0759777313366,61.0815596357074,60.0972721279595,62.087078225011
male,68.9439692520831,68.9409463501139,68.0519999512254,69.8226363145019
