gender,mean,median,lower,upper
female,47.7981168653927,47.808198298168,46.8810746831356,48.8416197933914
male,51.5467774131098,51.5948243056623,50.4934072779993,52.5234421974404
