gender,mean,median,lower,upper
female,0.735929720132776,0.736056706455704,0.72785888911494,0.743706157392945
male,0.692109330190273,0.692325620735887,0.682606692564459,0.70068492228577
