urban,mean,median,lower,upper
urban,0.538965467201699,0.539078959054371,0.530361632118285,0.546947503229023
rural,0.565423737286444,0.565355072576431,0.559179720210501,0.572475385040929
