urban,mean,median,lower,upper
urban,38.26761652057,38.2733656084861,37.5418029577227,39.0140783496982
rural,42.2229290287037,42.2144212215415,41.599617902579,42.8581570803383
