mean,median,lower,upper
0.713537794480254,0.713717686550235,0.706538594615916,0.719923225213398
