mean,median,lower,upper
0.542838120939358,0.542956270024627,0.535117982048186,0.549916532912346
