mean,median,lower,upper
49.6427397299252,49.6599034801728,48.8259757862759,50.3594233794841
