urban,mean,median,lower,upper
urban,0.550998611528048,0.55097469188031,0.541197080045702,0.560208187161944
rural,0.546990434307345,0.54689465941416,0.538898319920585,0.554861931634547
