mean,median,lower,upper
0.550388889647204,0.550412000334262,0.541675402419674,0.558145592639873
