urban,mean,median,lower,upper
urban,64.4011781919435,64.4077289060152,63.5828232725677,65.2820309460571
rural,68.3285835782642,68.3375113845752,67.7195429032069,68.910985657085
