urban,mean,median,lower,upper
urban,49.066722519647,49.0869088498385,48.1314081891364,49.8534215383707
rural,53.2066843029703,53.2216870180047,52.5387518473291,53.868321322
