gender,mean,median,lower,upper
female,0.567999863015326,0.56809858022759,0.557497081452612,0.577150504655801
male,0.519834634034673,0.519909385972699,0.509125027838637,0.528686625191432
