gender,mean,median,lower,upper
female,38.5613849281047,38.5479733059402,37.7267598459199,39.4919293514452
male,39.0827635048206,39.0925672784138,38.1854233369837,39.9921296733986
