urban,mean,median,lower,upper
urban,0.711011837401304,0.711059045815844,0.703159857552712,0.718315830001544
rural,0.727950071672468,0.727869581429206,0.721172517557955,0.733893599696676
