mean,median,lower,upper
64.9476211816766,64.9499508584947,64.2150891935579,65.7161719074257
