urban,mean,median,lower,upper
urban,0.309204322476365,0.309053086162639,0.301334952302719,0.317383616282269
rural,0.301092869398694,0.300965181667821,0.294137411884148,0.308487547234387
