mean,median,lower,upper
0.307967292390787,0.3078685265789,0.300595873065421,0.314803067520321
