mean,median,lower,upper
40.9708420955485,40.9489072066801,40.2523760693143,41.7123414066683
