urban,mean,median,lower,upper
urban,0.298469480829243,0.29846203982084,0.288375701961034,0.307468159127894
rural,0.293763334833249,0.293703670090568,0.284341165167109,0.303329346430434
