gender,mean,median,lower,upper
female,0.437551643206794,0.437769364676254,0.427215756777276,0.447264710113511
male,0.376241692452393,0.376309955562036,0.366009698382146,0.386994084061736
