mean,median,lower,upper
40.7362696171733,40.7432263626234,40.0528379800548,41.3649382067984
