mean,median,lower,upper
52.1361408696297,52.1501763860451,51.2467802971695,53.0442739498707
