gender,mean,median,lower,upper
female,40.5811423910069,40.5702754814082,39.6719139338174,41.53727104603
male,41.3730939253615,41.3645893175746,40.4232820834544,42.4283371236712
