gender,mean,median,lower,upper
female,62.8789895893425,62.8831446860523,61.8447615758061,63.9391266276397
male,69.7894001878642,69.7761528936188,68.8602966219883,70.759639607966
