age_group,gender,mean,median,lower,upper
18-19,female,26.4315099249855,26.3936600209036,25.0430621317821,28.0938642796404
18-19,male,30.4954040758538,30.4821140655908,28.8363805881838,32.201485656098
20-44,female,39.3078479760744,39.2783299515172,37.7719968803848,40.9942444065714
20-44,male,43.9869029396924,43.9726928649394,42.4535085353313,45.5961644380795
45-64,female,57.9316024343459,57.8919061955,56.4070283119343,59.6511668737339
45-64,male,62.5861237277259,62.578958204151,61.1169828938647,64.207919601011
65plus,female,62.8148320908942,62.8358713053257,61.1992993776568,64.5380005316135
65plus,male,67.3467687320155,67.3410273949529,65.5676617352824,68.9252674118225
