gender,mean,median,lower,upper
female,0.676379980133756,0.676564728415961,0.667405055486636,0.684755233927774
male,0.658763686274733,0.658824880009457,0.649184225617421,0.668574881477124
