gender,mean,median,lower,upper
female,0.810525621834478,0.810516339472041,0.805304121485999,0.815721730368619
male,0.77495506466394,0.775029620050794,0.76825415699485,0.7815765266216
