mean,median,lower,upper
0.792448460849498,0.792529681853149,0.787727356995209,0.797198768557671
