urban,mean,median,lower,upper
urban,0.612161092160177,0.612156448217204,0.605417746493642,0.620126200187834
rural,0.63816096398194,0.638087406657349,0.632105779697289,0.644821466660138
