urban,mean,median,lower,upper
urban,40.1409237652934,40.1542483728748,39.3649322269879,40.8922975250585
rural,44.4198047269446,44.4289152983809,43.7382398267449,45.0823476452431
