urban,mean,median,lower,upper
urban,0.548862807470087,0.549047411733216,0.538799024745356,0.558686745296644
rural,0.541712720842171,0.5416542747773,0.532119969591323,0.551750966865133
