urban,mean,median,lower,upper
urban,0.669756048918555,0.670013712567946,0.661863848051882,0.67697777874922
rural,0.655698754353969,0.655807379680113,0.648993762858299,0.662878543983916
