mean,median,lower,upper
0.40705447289512,0.40705500335862,0.398992965572573,0.415362155335973
