mean,median,lower,upper
0.297755833973249,0.29778513865525,0.288959620447237,0.305888731833761
