urban,mean,median,lower,upper
urban,50.6587526824489,50.667443860839,49.8216871377131,51.4956849800116
rural,54.9330157511072,54.908412499908,54.2799090484688,55.6443872689817
