mean,median,lower,upper
66.2794312220488,66.277033165864,65.4250237032693,67.0640663014426
