gender,mean,median,lower,upper
female,0.324839553524496,0.324964164946018,0.31402637298574,0.335625758352891
male,0.270507537345288,0.270504871173395,0.26082581257362,0.280356159608503
