mean,median,lower,upper
0.667638030751333,0.667828977188653,0.660750142382534,0.674512350744884
