mean,median,lower,upper
65.2366891848096,65.2506441200378,64.5256077969164,65.976486634518
