urban,mean,median,lower,upper
urban,65.7377264067732,65.7542440547754,64.8037685676869,66.6161438746179
rural,69.6310774960572,69.6224408418418,68.9126169348832,70.3868376273789
