gender,mean,median,lower,upper
female,0.737474734578063,0.737515796995151,0.727583875488782,0.746368479727022
male,0.698219690289461,0.698255349366022,0.687960826919638,0.708277254402397
