urban,mean,median,lower,upper
urban,64.676900549255,64.6887774076832,63.8665386702194,65.517902835293
rural,68.7002240135233,68.6944062082565,68.0581926248546,69.3009248373545
