urban,mean,median,lower,upper
urban,51.5400415297439,51.5535048026739,50.5720565707154,52.537444355061
rural,55.8243379746357,55.8082682104591,55.0490622575235,56.6711656342365
