gender,mean,median,lower,upper
female,0.648581668200593,0.648650858452495,0.641285015786588,0.655774499732022
male,0.599486725113131,0.59963525932241,0.590348258442795,0.607788625412258
