gender,mean,median,lower,upper
female,40.4178776783048,40.3938279408183,39.4939670652394,41.2814716555478
male,41.0649168768838,41.072841777884,40.1196597686787,41.9692741481623
