urban,mean,median,lower,upper
urban,0.71407227414807,0.713993543995173,0.705607799396904,0.722586542973947
rural,0.736704972640222,0.736783537665692,0.729313890478058,0.743967158265424
