mean,median,lower,upper
0.623189487187123,0.623321539953592,0.616882296468367,0.629227231755949
