mean,median,lower,upper
0.547768711598277,0.547917387163368,0.538722135841501,0.556681596102054
