mean,median,lower,upper
0.717443711030788,0.717392825737839,0.709419891823255,0.724964408147601
