gender,mean,median,lower,upper
female,61.9839546037011,61.9704452181875,61.0130461739009,62.9269724425183
male,68.5941934936364,68.631980562878,67.6610182828988,69.549193193441
