gender,mean,median,lower,upper
female,0.641061885586434,0.6410197964124,0.632917208817613,0.649625131749751
male,0.592608376288838,0.592321349102427,0.584392637115932,0.602259959153828
