urban,mean,median,lower,upper
urban,0.409051606830893,0.409051426830771,0.399517979147579,0.418464080266071
rural,0.395783639657041,0.395775333734394,0.38861193667601,0.403666152415491
