gender,mean,median,lower,upper
female,0.559941780156611,0.56001457305284,0.547725911840994,0.571324594387559
male,0.535425537740885,0.535603925616792,0.524046423104157,0.546202659595508
