urban,mean,median,lower,upper
urban,0.790602944717712,0.790652070276018,0.785435308269246,0.795970151353648
rural,0.802957051723284,0.803105977390277,0.798302360058413,0.807916208893167
