mean,median,lower,upper
0.61596482532785,0.616031044283431,0.60974308293626,0.622939406337952
