urban,mean,median,lower,upper
urban,40.3509515600752,40.3365296003323,39.5647736068425,41.1776818632682
rural,44.8062405356664,44.8086392202753,44.0837265536451,45.5976853376191
