mean,median,lower,upper
51.2534560197409,51.2539397593872,50.5110862321059,52.0207375341935
