gender,mean,median,lower,upper
female,49.5976761104452,49.5739862426528,48.635023349447,50.5860104783532
male,52.962568165631,52.9745942473659,51.9125352889501,53.958706715209
