urban,mean,median,lower,upper
urban,0.619895213300008,0.620030641710265,0.612827003368906,0.626617687006207
rural,0.642357827599161,0.642501464151708,0.63660823757277,0.648112519432609
