urban,mean,median,lower,upper
urban,49.7854749787518,49.7953688547498,48.8806356640098,50.6335676454967
rural,54.0917652182431,54.0925731308105,53.3068899202928,54.8566982559725
