gender,mean,median,lower,upper
female,0.62180067716976,0.621838916360161,0.611464975147045,0.631699739985887
male,0.614805515209018,0.614458063095372,0.605264622010645,0.625490146375015
