urban,mean,median,lower,upper
urban,39.944995601243,39.9244641002779,39.1815776981661,40.7203508865783
rural,44.1464456593976,44.1609914939663,43.3994687131414,44.8335510397939
