urban,mean,median,lower,upper
urban,63.6686194555184,63.6737036355127,62.7720369143033,64.4895360917488
rural,67.8364340562252,67.8365321274845,67.1014267893858,68.5475763019791
