urban,mean,median,lower,upper
urban,0.568951271813429,0.568944680821674,0.560778820169528,0.577686607384006
rural,0.595816242255412,0.59569550825799,0.588810049961919,0.603332396586234
