gender,mean,median,lower,upper
female,40.2916832055272,40.2953415127084,39.3553038403101,41.3050001887698
male,40.7751150755211,40.7616232386418,39.8574282619223,41.696251509488
