mean,median,lower,upper
64.2485119919487,64.2694968507145,63.4197707634339,64.971160756671
