gender,mean,median,lower,upper
female,61.1451204778417,61.1769161035915,60.0921325487069,62.0885187885511
male,67.4518629327561,67.4615161411504,66.4518325072527,68.3575535444552
