mean,median,lower,upper
0.737395078903347,0.737573173087401,0.730210258251342,0.744075556573266
