urban,mean,median,lower,upper
urban,0.387894174990428,0.387838744776607,0.378510858277453,0.397143379459891
rural,0.382386929822868,0.382282747173212,0.373741594869645,0.393302177524985
