gender,mean,median,lower,upper
female,0.409946491838206,0.409939171725325,0.399575351506585,0.420742551979422
male,0.363978621729589,0.363669976163743,0.354162354922576,0.375289815717583
