urban,mean,median,lower,upper
urban,0.619417893052724,0.619436231171124,0.611323837247002,0.628956401232364
rural,0.612388563758774,0.612128026401628,0.603920219352933,0.621702164321709
