mean,median,lower,upper
40.5295680365177,40.51865005594,39.8635300182819,41.2100594281394
