gender,mean,median,lower,upper
female,48.965012996817,49.0052286654561,47.9240102296826,49.9753374887498
male,51.8499815267117,51.8574631172201,50.7944505640957,52.8572026162327
