mean,median,lower,upper
0.387056755639905,0.386953301703536,0.378861416632869,0.395176433932294
