urban,mean,median,lower,upper
urban,0.734772923829891,0.734893674003607,0.726635539367317,0.742441698308748
rural,0.752327282190344,0.752418007135508,0.745872215020357,0.759764548526255
