mean,median,lower,upper
0.618351000911448,0.618274302721282,0.610716708385025,0.626690286278497
