gender,mean,median,lower,upper
female,0.594704702722427,0.594890389962825,0.585026144470394,0.603879938393033
male,0.552493396322554,0.552320714157555,0.543988309398397,0.562260740662174
