gender,mean,median,lower,upper
female,0.755053284787374,0.755342389473752,0.746145303903427,0.76268867632924
male,0.720182267504222,0.720173908914403,0.711074266116871,0.72965287351175
