mean,median,lower,upper
0.572897892738572,0.57293321797177,0.565501987394407,0.580553810676159
