mean,median,lower,upper
50.3846344445208,50.4032184194261,49.5505930390943,51.1429146564799
