GEOID,NAME,sex,estimate,summary_est,percent
1,United States,male,126712151,257883888,0.491353500145771
1,United States,female,131171737,257883888,0.508646499854229
