GEOID,NAME,hisp,nhasn,nhblk,nhother,nhwhite
1,United States,0.186518619602287,0.0570026554074043,0.121252442931532,0.0466189707395427,0.588607311319234
