GEOID,NAME,female,male
1,United States,0.508646499854229,0.491353500145771
